{"sum": 601943.0, "avr": 552.7483930211203, "sumMD": 21198.0, "avrMD": 642.3636363636364, "sumSD": 20032.0, "avrSD": 607.030303030303, "max": 997.0, "min": 102.0}